-- phpMyAdmin SQL Dump
-- version 4.1.14
-- http://www.phpmyadmin.net
--
-- Host: 127.0.0.1
-- Generation Time: 2021-05-20 18:23:53
-- 服务器版本： 5.6.17
-- PHP Version: 5.5.12

SET SQL_MODE = "NO_AUTO_VALUE_ON_ZERO";
SET time_zone = "+00:00";


/*!40101 SET @OLD_CHARACTER_SET_CLIENT=@@CHARACTER_SET_CLIENT */;
/*!40101 SET @OLD_CHARACTER_SET_RESULTS=@@CHARACTER_SET_RESULTS */;
/*!40101 SET @OLD_COLLATION_CONNECTION=@@COLLATION_CONNECTION */;
/*!40101 SET NAMES utf8 */;

--
-- Database: `qf_ck`
--

-- --------------------------------------------------------

--
-- 表的结构 `qf_cg_caigoudan`
--

CREATE TABLE IF NOT EXISTS `qf_cg_caigoudan` (
  `cai_id` int(6) unsigned NOT NULL AUTO_INCREMENT,
  `ri_qi` date NOT NULL,
  `shu_liang` int(10) unsigned NOT NULL,
  `bei_zhu` varchar(30) DEFAULT NULL,
  `jing_ban_ren` varchar(10) NOT NULL DEFAULT '仓库',
  `status` varchar(20) NOT NULL DEFAULT '未完成',
  PRIMARY KEY (`cai_id`)
) ENGINE=MyISAM  DEFAULT CHARSET=utf8 AUTO_INCREMENT=103 ;

--
-- 转存表中的数据 `qf_cg_caigoudan`
--

INSERT INTO `qf_cg_caigoudan` (`cai_id`, `ri_qi`, `shu_liang`, `bei_zhu`, `jing_ban_ren`, `status`) VALUES
(101, '2021-05-13', 0, NULL, '仓库', '未完成'),
(102, '2021-05-13', 0, '', '仓库', '未完成');

-- --------------------------------------------------------

--
-- 表的结构 `qf_cg_caigoudan_liebiao`
--

CREATE TABLE IF NOT EXISTS `qf_cg_caigoudan_liebiao` (
  `cgd_id` int(6) unsigned NOT NULL AUTO_INCREMENT,
  `cai_id` int(10) NOT NULL,
  `wu_liao_bian_ma` int(10) NOT NULL,
  `qing_gou_ren` varchar(10) NOT NULL,
  `yong_tu` varchar(20) NOT NULL,
  `caigou_shuliang` int(10) NOT NULL,
  `xu_qiu_ri_qi` date NOT NULL,
  `caigou_zhuangtai` varchar(6) NOT NULL DEFAULT '未采购',
  `ruku_zhuangtai` varchar(6) NOT NULL DEFAULT '未入库',
  PRIMARY KEY (`cgd_id`)
) ENGINE=MyISAM  DEFAULT CHARSET=utf8 AUTO_INCREMENT=1013 ;

--
-- 转存表中的数据 `qf_cg_caigoudan_liebiao`
--

INSERT INTO `qf_cg_caigoudan_liebiao` (`cgd_id`, `cai_id`, `wu_liao_bian_ma`, `qing_gou_ren`, `yong_tu`, `caigou_shuliang`, `xu_qiu_ri_qi`, `caigou_zhuangtai`, `ruku_zhuangtai`) VALUES
(1010, 102, 1045, '仓库', '仓库备库', 50, '2021-05-25', '未采购', '未入库'),
(1009, 102, 1022, '仓库', '仓库备库', 50, '2021-05-25', '未采购', '未入库'),
(1006, 101, 1053, '赵默华', '仓库备库', 1000, '2021-05-24', '未采购', '未入库'),
(1007, 101, 1057, '赵默华', '仓库备库', 50, '2021-05-25', '未采购', '未入库'),
(1008, 101, 1084, '徐光钢', '车间使用', 20, '2021-05-25', '未采购', '未入库'),
(1011, 101, 1128, '徐光钢', '沸腾制粒机订单', 3, '2021-05-25', '未采购', '未入库'),
(1012, 101, 1130, '徐光钢', '维沃泰克项目', 3, '2021-05-25', '未采购', '未入库');

-- --------------------------------------------------------

--
-- 表的结构 `qf_ck_chukudan`
--

CREATE TABLE IF NOT EXISTS `qf_ck_chukudan` (
  `chu_id` int(6) unsigned NOT NULL AUTO_INCREMENT,
  `chu_ku_ri_qi` datetime NOT NULL,
  `shu_liang` int(10) unsigned NOT NULL,
  `bei_zhu` varchar(30) NOT NULL,
  `jing_ban_ren` varchar(10) NOT NULL DEFAULT '仓库',
  `chu_ku_lei_xing` varchar(8) NOT NULL,
  PRIMARY KEY (`chu_id`)
) ENGINE=MyISAM  DEFAULT CHARSET=utf8 AUTO_INCREMENT=700003 ;

--
-- 转存表中的数据 `qf_ck_chukudan`
--

INSERT INTO `qf_ck_chukudan` (`chu_id`, `chu_ku_ri_qi`, `shu_liang`, `bei_zhu`, `jing_ban_ren`, `chu_ku_lei_xing`) VALUES
(700002, '2021-05-08 00:10:17', 0, '', '仓库', '生产领用出库'),
(700001, '2021-05-07 23:28:50', 0, '', '仓库', '生产领用出库');

-- --------------------------------------------------------

--
-- 表的结构 `qf_ck_chukudan_liebiao`
--

CREATE TABLE IF NOT EXISTS `qf_ck_chukudan_liebiao` (
  `ckd_id` int(6) unsigned NOT NULL AUTO_INCREMENT,
  `chu_id` int(11) NOT NULL,
  `wu_liao_bian_ma` int(10) NOT NULL,
  `chuku_shuliang` int(10) unsigned NOT NULL,
  `ling_yong_ren` varchar(10) NOT NULL,
  `yong_tu` varchar(30) NOT NULL,
  PRIMARY KEY (`ckd_id`)
) ENGINE=MyISAM  DEFAULT CHARSET=utf8 AUTO_INCREMENT=70000008 ;

--
-- 转存表中的数据 `qf_ck_chukudan_liebiao`
--

INSERT INTO `qf_ck_chukudan_liebiao` (`ckd_id`, `chu_id`, `wu_liao_bian_ma`, `chuku_shuliang`, `ling_yong_ren`, `yong_tu`) VALUES
(70000001, 0, 1492, 6, '徐光刚', ''),
(70000003, 700001, 0, 100, '徐光钢', ''),
(70000004, 700001, 0, 3, '徐光钢', '国防大学项目'),
(70000005, 700002, 1020, 5, '徐光钢', '维沃泰克项目'),
(70000006, 700002, 1020, 12, '徐光钢', '维沃泰克'),
(70000007, 700002, 1021, 5, '徐光钢', '沸腾项目');

-- --------------------------------------------------------

--
-- 表的结构 `qf_gongnengbankuai`
--

CREATE TABLE IF NOT EXISTS `qf_gongnengbankuai` (
  `id` int(10) unsigned NOT NULL AUTO_INCREMENT,
  `bankuaimingcheng` varchar(30) NOT NULL,
  PRIMARY KEY (`id`)
) ENGINE=MyISAM  DEFAULT CHARSET=utf8 AUTO_INCREMENT=9004 ;

--
-- 转存表中的数据 `qf_gongnengbankuai`
--

INSERT INTO `qf_gongnengbankuai` (`id`, `bankuaimingcheng`) VALUES
(9001, 'qf_rukudan'),
(9002, 'qf_chukudan'),
(9003, 'qf_caigoudan');

-- --------------------------------------------------------

--
-- 表的结构 `qf_member`
--

CREATE TABLE IF NOT EXISTS `qf_member` (
  `id` int(6) unsigned NOT NULL AUTO_INCREMENT,
  `name` varchar(20) NOT NULL,
  `sex` varchar(4) NOT NULL,
  `bu_men` varchar(10) NOT NULL,
  `work_phone` bigint(11) NOT NULL,
  `phone` bigint(11) NOT NULL,
  `password` varchar(30) NOT NULL,
  PRIMARY KEY (`id`)
) ENGINE=MyISAM  DEFAULT CHARSET=utf8 AUTO_INCREMENT=8 ;

--
-- 转存表中的数据 `qf_member`
--

INSERT INTO `qf_member` (`id`, `name`, `sex`, `bu_men`, `work_phone`, `phone`, `password`) VALUES
(1, '秦银龙', '男', '仓储部', 2147483647, 2147483647, '110'),
(2, '秦银龙', '男', '仓储部', 2147483647, 2147483647, ''),
(3, '前期', '男', '仓储部', 2147483647, 2147483647, ''),
(4, '愤怒', '男', '仓储部', 12345678900, 12345678900, ''),
(5, '01', '男', '仓储部', 12345678900, 12345678900, '15917eed18dff9bf911b9c07a3900f'),
(6, 'VR', '男', '仓储部', 12345678900, 12345678900, '39b5177e82858ecc5661a2077b58ed'),
(7, '乔峰', '男', '仓储部', 19921298384, 19921298384, '54ae6c5d1ddbe1383461aad8e3407f');

-- --------------------------------------------------------

--
-- 表的结构 `qf_rk_rukudan`
--

CREATE TABLE IF NOT EXISTS `qf_rk_rukudan` (
  `ru_id` int(10) unsigned NOT NULL AUTO_INCREMENT,
  `ru_ku_ri_qi` datetime NOT NULL,
  `ru_ku_cang_ku` varchar(10) NOT NULL DEFAULT '原材料仓库',
  `ru_ku_shu_liang` int(10) unsigned NOT NULL,
  `ru_ku_bei_zhu` varchar(30) NOT NULL,
  `jing_ban_ren` varchar(10) NOT NULL DEFAULT '仓库',
  `ru_ku_lei_xing` varchar(6) NOT NULL DEFAULT '采购入库',
  PRIMARY KEY (`ru_id`)
) ENGINE=MyISAM  DEFAULT CHARSET=utf8 AUTO_INCREMENT=500006 ;

--
-- 转存表中的数据 `qf_rk_rukudan`
--

INSERT INTO `qf_rk_rukudan` (`ru_id`, `ru_ku_ri_qi`, `ru_ku_cang_ku`, `ru_ku_shu_liang`, `ru_ku_bei_zhu`, `jing_ban_ren`, `ru_ku_lei_xing`) VALUES
(500001, '2021-04-28 00:00:00', '原材料仓库', 200, '', '仓库', '采购入库'),
(500002, '2021-05-02 08:41:13', '半成品仓库', 0, '', '仓库', '采购入库'),
(500004, '2021-05-02 20:12:17', '原材料仓库', 0, '', '仓库', '采购入库');

-- --------------------------------------------------------

--
-- 表的结构 `qf_rk_rukudan_liebiao`
--

CREATE TABLE IF NOT EXISTS `qf_rk_rukudan_liebiao` (
  `ru_fu_id` int(10) NOT NULL,
  `rkd_id` int(6) unsigned NOT NULL AUTO_INCREMENT,
  `cgd_id` int(10) NOT NULL,
  `wu_liao_bian_ma` int(10) NOT NULL,
  `ruku_shuliang` int(10) unsigned NOT NULL,
  PRIMARY KEY (`rkd_id`)
) ENGINE=MyISAM  DEFAULT CHARSET=utf8 AUTO_INCREMENT=50000023 ;

--
-- 转存表中的数据 `qf_rk_rukudan_liebiao`
--

INSERT INTO `qf_rk_rukudan_liebiao` (`ru_fu_id`, `rkd_id`, `cgd_id`, `wu_liao_bian_ma`, `ruku_shuliang`) VALUES
(500001, 50000020, 0, 1015, 20),
(500001, 50000021, 1010, 1045, 50),
(500002, 50000022, 1007, 1057, 50);

-- --------------------------------------------------------

--
-- 表的结构 `qf_wuliaokucun`
--

CREATE TABLE IF NOT EXISTS `qf_wuliaokucun` (
  `id` int(10) NOT NULL,
  `kucun_shuliang` int(10) NOT NULL,
  `chuku_shuliang` int(20) NOT NULL,
  `ruku_shuliang` int(10) NOT NULL,
  PRIMARY KEY (`id`)
) ENGINE=MyISAM DEFAULT CHARSET=utf8;

-- --------------------------------------------------------

--
-- 表的结构 `qf_wuliaoxinxi`
--

CREATE TABLE IF NOT EXISTS `qf_wuliaoxinxi` (
  `id` int(8) NOT NULL AUTO_INCREMENT,
  `wu_liao_lei_bie` varchar(8) NOT NULL,
  `wu_liao_ming_cheng` varchar(20) NOT NULL,
  `wu_liao_pin_pai` varchar(10) NOT NULL,
  `gui_ge_xing_hao` varchar(30) NOT NULL,
  `dan_wei` varchar(8) NOT NULL DEFAULT 'PCS',
  `cai_zhi` varchar(8) NOT NULL,
  `color` varchar(8) NOT NULL DEFAULT '本色',
  `bei_zhu` varchar(20) NOT NULL,
  `ku_wei` varchar(8) NOT NULL,
  PRIMARY KEY (`id`)
) ENGINE=MyISAM  DEFAULT CHARSET=utf8 COMMENT='物料信息表' AUTO_INCREMENT=1425 ;

--
-- 转存表中的数据 `qf_wuliaoxinxi`
--

INSERT INTO `qf_wuliaoxinxi` (`id`, `wu_liao_lei_bie`, `wu_liao_ming_cheng`, `wu_liao_pin_pai`, `gui_ge_xing_hao`, `dan_wei`, `cai_zhi`, `color`, `bei_zhu`, `ku_wei`) VALUES
(1014, '配件', '304_卡箍', '', 'φ63', 'PCS', '304不锈钢', '银白', '', 'A08'),
(1015, '配件', '304_卡箍', '', 'φ76', 'PCS', '304不锈钢', '银白', '', 'A08'),
(1018, '配件', '304_卡箍接头/平接', '', 'φ25', 'PCS', '304不锈钢', '银白', '', 'A02'),
(1019, '配件', '304_卡箍接头/平接', '', 'φ32', 'PCS', '304不锈钢', '银白', '', 'A02'),
(1020, '配件', '304_卡箍接头/平接', '', 'φ38', 'PCS', '304不锈钢', '银白', '', 'A02'),
(1021, '配件', '304_卡箍接头/平接', '', 'φ45', 'PCS', '304不锈钢', '银白', '', 'A02'),
(1022, '配件', '304_卡箍接头/平接', '', 'φ51', 'PCS', '304不锈钢', '银白', '', 'A02'),
(1024, '配件', '304_卡箍接头/平接', '', 'φ76', 'PCS', '304不锈钢', '银白', '', 'A04'),
(1025, '配件', '304_卡箍接头/平接', '', 'φ89', 'PCS', '304不锈钢', '银白', '', 'A04'),
(1026, '配件', '304_卡箍接头/平接', '', 'φ102', 'PCS', '304不锈钢', '银白', '', 'A04'),
(1027, '配件', '304_卡箍接头/平接', '', 'φ108', 'PCS', '304不锈钢', '银白', '', 'A04'),
(1028, '配件', '硅胶垫片', '', 'φ133', 'PCS', '硅胶', '透明', '', 'B01'),
(1029, '配件', '硅胶垫片', '', 'φ159', 'PCS', '硅胶', '透明', '', 'B01'),
(1030, '配件', '硅胶垫片', '', 'φ219', 'PCS', '硅胶', '透明', '', 'B01'),
(1031, '配件', '硅胶垫片', '', 'φ259', 'PCS', '硅胶', '透明', '', 'B01'),
(1032, '配件', '304_直角弯头', '', 'φ32', 'PCS', '304不锈钢', '银白', '', 'B01'),
(1033, '配件', '304_直角弯头', '', 'φ25', 'PCS', '304不锈钢', '银白', '', 'B01'),
(1034, '配件', '304_直角弯头', '', 'φ38', 'PCS', '304不锈钢', '银白', '', 'B02'),
(1035, '配件', '304_卡箍接头/平接', '', 'φ133', 'PCS', '304不锈钢', '银白', '', 'B02'),
(1036, '配件', '304_卡箍接头/平接', '', 'φ159', 'PCS', '304不锈钢', '银白', '', 'B02'),
(1037, '配件', '304_卡箍接头/平接', '', 'φ219', 'PCS', '304不锈钢', '银白', '', 'B02'),
(1038, '配件', '304_卡箍接头/平接', '', 'φ259', 'PCS', '304不锈钢', '银白', '', 'B02'),
(1039, '配件', '304_卡箍', '', 'φ133', 'PCS', '304不锈钢', '银白', '', 'B03'),
(1040, '配件', '304_卡箍', '', 'φ159', 'PCS', '304不锈钢', '银白', '', 'B03'),
(1041, '配件', '304_卡箍', '', 'φ219', 'PCS', '304不锈钢', '银白', '', 'B03'),
(1042, '配件', '304_卡箍', '', 'φ259', 'PCS', '304不锈钢', '银白', '', 'B03'),
(1043, '配件', '304_直角弯头', '', 'φ48', 'PCS', '304不锈钢', '银白', '', 'B03'),
(1044, '配件', '304_直角弯头', '', 'φ45', 'PCS', '304不锈钢', '银白', '', 'B03'),
(1045, '配件', '304_直角弯头', '', 'φ51', 'PCS', '304不锈钢', '银白', '', 'B04'),
(1046, '配件', '304_直角弯头', '', 'φ63', 'PCS', '304不锈钢', '银白', '', 'B04'),
(1047, '配件', '304_直角弯头', '', 'φ76', 'PCS', '304不锈钢', '银白', '', 'B04'),
(1048, '配件', '304_直角弯头', '', 'φ89', 'PCS', '304不锈钢', '银白', '', 'B04'),
(1049, '配件', '304_直角弯头', '', 'φ108', 'PCS', '304不锈钢', '银白', '', 'B04'),
(1050, '配件', '304_直角弯头', '', 'φ133', 'PCS', '304不锈钢', '银白', '', 'B05'),
(1051, '配件', '304_直角弯头', '', 'φ159', 'PCS', '304不锈钢', '银白', '', 'B05'),
(1052, '配件', '304_45°短弯头(短）', '', 'φ76', 'PCS', '304不锈钢', '银白', '', 'B06'),
(1053, '配件', '304_45°短弯头(短）', '', 'φ63', 'PCS', '304不锈钢', '银白', '', 'B06'),
(1054, '配件', '304_直角三通', '', 'φ108', 'PCS', '304不锈钢', '银白', '', 'B06'),
(1055, '配件', '304_45°短弯头（长）', '', 'φ76', 'PCS', '304不锈钢', '银白', '', 'C01'),
(1056, '配件', '304_45°短弯头（长）', '', 'φ45', 'PCS', '304不锈钢', '银白', '', 'C01'),
(1057, '配件', '304_45°短弯头（长）', '', 'φ51', 'PCS', '304不锈钢', '银白', '', 'C01'),
(1058, '配件', '304_直角三通', '', 'φ45', 'PCS', '304不锈钢', '银白', '', 'C01'),
(1059, '配件', '304_直角三通', '', 'φ51', 'PCS', '304不锈钢', '银白', '', 'C01'),
(1060, '配件', '304_直角三通', '', 'φ63', 'PCS', '304不锈钢', '银白', '', 'C01'),
(1061, '配件', '304_直角三通', '', 'φ76', 'PCS', '304不锈钢', '银白', '', 'C01'),
(1062, '配件', '304_直角三通', '', 'φ25', 'PCS', '304不锈钢', '银白', '', 'C02'),
(1063, '配件', '304_直角三通', '', 'φ32', 'PCS', '304不锈钢', '银白', '', 'C02'),
(1064, '配件', '304_直角三通', '', 'φ38', 'PCS', '304不锈钢', '银白', '', 'C02'),
(1065, '配件', '螺纹高低扣', '', 'M10*110', 'PCS', '304不锈钢', '银白', '', 'C02'),
(1066, '配件', '圆形手轮一套', '', '', 'PCS', '304不锈钢', '银白', '', 'C02'),
(1067, '配件', 'G字夹', '', '4寸', 'PCS', '304不锈钢', '银白', '', 'C03'),
(1068, '配件', 'Y型三通', '', 'φ63', 'PCS', '304不锈钢', '银白', '', 'C03'),
(1069, '配件', 'Y型三通', '', 'φ76', 'PCS', '304不锈钢', '银白', '', 'C03'),
(1070, '配件', '直角四通', '', 'φ25', 'PCS', '304不锈钢', '银白', '', 'C03'),
(1071, '配件', '直角四通', '', 'φ51', 'PCS', '304不锈钢', '银白', '', 'C03'),
(1072, '配件', '大小头', '', 'φ219*133', 'PCS', '304不锈钢', '银白', '', 'C04'),
(1073, '配件', '大小头', '', 'φ89*51', 'PCS', '304不锈钢', '银白', '', 'C04'),
(1074, '配件', '大小头', '', 'φ89*63', 'PCS', '304不锈钢', '银白', '', 'C04'),
(1075, '配件', '大小头', '', 'φ89*76（H80mm)', 'PCS', '304不锈钢', '银白', '', 'C04'),
(1076, '配件', '大小头', '', 'φ89*76（H67mm)', 'PCS', '304不锈钢', '银白', '', 'C04'),
(1077, '配件', '大小头', '', 'φ102*51(H205mm)', 'PCS', '304不锈钢', '银白', '', 'C04'),
(1078, '配件', '大小头', '', 'φ108*51', 'PCS', '304不锈钢', '银白', '', 'C04'),
(1079, '配件', '大小头', '', 'φ108*63', 'PCS', '304不锈钢', '银白', '', 'C04'),
(1080, '配件', '大小头', '', 'φ63*51(H65mm)', 'PCS', '304不锈钢', '银白', '', 'C04'),
(1081, '配件', '大小头', '', 'φ63*51(H40mm)', 'PCS', '304不锈钢', '银白', '', 'C04'),
(1082, '配件', '大小头', '', 'φ76*63(H78mm)', 'PCS', '304不锈钢', '银白', '', 'C04'),
(1083, '配件', '大小头', '', 'φ76*63(H40mm)', 'PCS', '304不锈钢', '银白', '', 'C04'),
(1084, '配件', '大小头', '', 'φ76*51(H60mm)', 'PCS', '304不锈钢', '银白', '', 'C04'),
(1085, '配件', '大小头', '', 'φ108*76', 'PCS', '304不锈钢', '银白', '', 'C04'),
(1086, '配件', '大小头', '', 'φ108*89', 'PCS', '304不锈钢', '银白', '', 'C04'),
(1087, '配件', '大小头', '', 'φ219*102', 'PCS', '304不锈钢', '银白', '', 'C04'),
(1088, '配件', '大小头', '', 'φ133*63', 'PCS', '304不锈钢', '银白', '', 'C04'),
(1089, '配件', '304_椭圆封头', '', 'φ159', 'PCS', '304不锈钢', '银白', '', 'C05'),
(1090, '配件', '304_椭圆封头', '', 'φ219', 'PCS', '304不锈钢', '银白', '', 'C05'),
(1091, '配件', '304_椭圆封头', '', 'φ301', 'PCS', '304不锈钢', '银白', '', 'C05'),
(1092, '配件', '304_椭圆封头', '', 'φ350', 'PCS', '304不锈钢', '银白', '', 'C05'),
(1093, '配件', '304_椭圆封头', '', 'φ89', 'PCS', '304不锈钢', '银白', '', 'C06'),
(1094, '配件', '304_椭圆封头', '', 'φ25', 'PCS', '304不锈钢', '银白', '', 'C06'),
(1095, '配件', '304_椭圆封头', '', 'φ51', 'PCS', '304不锈钢', '银白', '', 'C06'),
(1096, '配件', '304_椭圆封头', '', 'φ76', 'PCS', '304不锈钢', '银白', '', 'C06'),
(1097, '配件', '304_椭圆封头', '', 'φ102', 'PCS', '304不锈钢', '银白', '', 'C06'),
(1098, '配件', '304_椭圆封头', '', 'φ133', 'PCS', '304不锈钢', '银白', '', 'C06'),
(1099, '配件', '304_椭圆封头', '', 'φ144', 'PCS', '304不锈钢', '银白', '', 'C06'),
(1100, '配件', '304_平底封头', '', 'φ159（H25mm）', 'PCS', '304不锈钢', '银白', '', 'C06'),
(1101, '配件', '304_平底封头', '', 'φ159（H35mm）', 'PCS', '304不锈钢', '银白', '底部R角大', 'C06'),
(1102, '配件', '304_平底封头浅', '', 'φ159', 'PCS', '304不锈钢', '镜面', '', 'C06'),
(1103, '配件', '304_平底封头浅', '', 'φ159', 'PCS', '304不锈钢', '银白', '', 'C06'),
(1104, '配件', '304_平底封头', '', 'φ219', 'PCS', '304不锈钢', '银白', '', 'C06'),
(1105, '配件', '304_平底封头', '', 'φ133', 'PCS', '304不锈钢', '银白', '', 'C06'),
(1106, '配件', '304_圆形封头', '', 'φ219', 'PCS', '304不锈钢', '银白', '', 'D01'),
(1107, '配件', '304_圆形封头', '', 'φ159', 'PCS', '304不锈钢', '银白', '', 'D01'),
(1108, '配件', '304_闷板/盲板', '', 'φ219', 'PCS', '304不锈钢', '银白', '', 'D01'),
(1109, '配件', '304_闷板/盲板', '', 'φ133', 'PCS', '304不锈钢', '银白', '', 'D01'),
(1110, '配件', '304_闷板/盲板', '', 'φ108', 'PCS', '304不锈钢', '银白', '', 'D01'),
(1111, '配件', '304_闷板/盲板', '', 'φ89', 'PCS', '304不锈钢', '银白', '', 'D01'),
(1112, '配件', '304_闷板/盲板', '', 'φ76', 'PCS', '304不锈钢', '银白', '', 'D01'),
(1113, '配件', '304_闷板/盲板', '', 'φ63', 'PCS', '304不锈钢', '银白', '', 'D01'),
(1114, '配件', '304_闷板/盲板', '', 'φ51', 'PCS', '304不锈钢', '银白', '', 'D01'),
(1115, '配件', '304_闷板/盲板', '', 'φ25', 'PCS', '304不锈钢', '银白', '', 'D01'),
(1116, '配件', '304_闷板/盲板', '', 'φ34', 'PCS', '304不锈钢', '银白', '', 'D01'),
(1117, '配件', '304_闷板/盲板', '', 'φ40', 'PCS', '304不锈钢', '银白', '', 'D01'),
(1118, '配件', '304_法兰视镜带刷', '', 'DN100', 'PCS', '304不锈钢', '银白', '', 'D02'),
(1119, '配件', '304_法兰视镜', '', 'DN100', 'PCS', '304不锈钢', '银白', '', 'D02'),
(1120, '配件', '304_法兰视镜', '', 'DN80', 'PCS', '304不锈钢', '银白', '', 'D02'),
(1121, '配件', '304_法兰视镜', '', 'DN65', 'PCS', '304不锈钢', '银白', '', 'D02'),
(1122, '配件', '304_法兰', '', 'DN50', 'PCS', '304不锈钢', '银白', '', 'D02'),
(1123, '配件', '304_法兰', '', 'DN40', 'PCS', '304不锈钢', '银白', '', 'D02'),
(1124, '配件', '304_法兰', '', 'DN20', 'PCS', '304不锈钢', '银白', '', 'D02'),
(1125, '配件', '304_法兰', '', 'DN65', 'PCS', '304不锈钢', '银白', '', 'D03'),
(1126, '配件', '304_法兰', '', 'DN200', 'PCS', '304不锈钢', '银白', '', 'D03'),
(1127, '配件', '304_长方形视镜', '', '70*180', 'PCS', '304不锈钢', '银白', '', 'D03'),
(1128, '配件', '304_椭圆形视镜', '', '70*180', 'PCS', '304不锈钢', '银白', '', 'D03'),
(1129, '配件', '304_法兰视镜', '', 'DN50', 'PCS', '304不锈钢', '银白', '', 'D03'),
(1130, '配件', '304_法兰视镜带刷', '', 'DN50', 'PCS', '304不锈钢', '银白', '', 'D03'),
(1131, '配件', '304_法兰平接', '', 'φ260', 'PCS', '', '', '', 'D04'),
(1132, '配件', '304_法兰', '', 'DN80', 'PCS', '304不锈钢', '银白', '', 'D04'),
(1133, '配件', '304_法兰+闷板', '', 'DN200/PN0.6', '套（法兰+闷板）', '304不锈钢', '银白', '', 'D04'),
(1134, '配件', '304_闷板', '', 'DN150', 'PCS', '304不锈钢', '银白', '', 'D04'),
(1135, '配件', '304_调节脚-小号', '', '50*130', '只', '', '黑色', '', 'D04'),
(1136, '配件', '304_调节脚-中号', '', '58*130', '只', '', '黑色', '', 'D04'),
(1137, '配件', '304_调节脚-大号', '', '80*195', '只', '', '黑色', '', 'D04'),
(1138, '配件', '空气锤', '', 'SK-30', 'PCS', '', '蓝色', '', 'D04'),
(1139, '配件', '空气锤', '', 'SK-40', 'PCS', '', '蓝色', '', 'D04'),
(1140, '配件', '文丘里', '', '7个一组', '组', '', '', '', 'D05'),
(1141, '配件', '文丘里', '', '13个一组', '组', '', '', '', 'D05'),
(1142, '配件', '文丘里', '', '单只', 'PCS', '', '', '', 'D05'),
(1143, '配件', '变径8000S', '', '变径8000S', '', '304不锈钢', '银白', '', 'D05'),
(1144, '配件', '万向轮带刹车', '', '3寸/深红色', '只', '', '深红色', '', 'D06'),
(1145, '配件', '万向轮带刹车', '', '3寸/大红色', '只', '', '大红色', '', 'D06'),
(1146, '配件', '万向轮带刹车', '', '4寸', '只', '', '黑轮/白轮盖', '', 'D06'),
(1147, '配件', '万向轮带刹车', '', '2.5寸', '只', '', '金属色军绿色/黑', '', 'D06'),
(1148, '配件', '万向轮带刹车', '', '6寸', '只', '', '红色轮/灰色边/', '', 'D06'),
(1149, '配件', '闷板', '', '外径φ50', 'PCS', '304不锈钢', '银白', 'φ25/32/38通用', 'D01'),
(1150, '配件', '万向刹车轮', '', '2寸', '只', '', '黑色', '', 'D06'),
(1151, '配件', '定向轮', '', '2寸', '只', '', '黑色', '无刹车', 'D06'),
(1152, '配件', '闷板', '', 'φ159', 'PCS', '304不锈钢', '银白', '', 'D01'),
(1153, '配件', '塑料外壳式断路器', '浙江正泰', 'NXM-250S/3300', 'PCS', '', '', '', ''),
(1154, '配件', '钢丝软管', '', 'φ25', '米', '', '', '', ''),
(1155, '配件', '铜接线端子/铜鼻子', '', 'DT-16mm?', '只', '铜', '', '', ''),
(1156, '配件', '铜接线端子/铜鼻子', '', 'DT-25mm?', '只', '铜', '', '', ''),
(1157, '配件', '铜接线端子/铜鼻子', '', 'DT-35mm?', '只', '铜', '', '', ''),
(1158, '配件', '316L平底封头', '', 'φ108', 'PCS', '316L', '', '', 'E01'),
(1159, '配件', '316L平底封头', '', 'φ159', 'PCS', '316L', '', '', 'E01'),
(1160, '配件', '316L平底封头', '', 'φ219', 'PCS', '316L', '', '', 'E01'),
(1161, '配件', '316L卡箍接头/平接', '', 'φ25', 'PCS', '316L', '', '', 'E02'),
(1162, '配件', '316L卡箍接头/平接', '', 'φ133', 'PCS', '316L', '', '', 'E02'),
(1163, '配件', '316L卡箍接头/平接', '', 'φ159', 'PCS', '316L', '', '', 'E02'),
(1164, '配件', '316L卡箍接头/平接', '', 'φ219', 'PCS', '316L', '', '', 'E02'),
(1165, '配件', '316L卡箍接头/平接', '', 'φ259', 'PCS', '316L', '', '', 'E02'),
(1166, '配件', '316L球阀', '', '2.5寸', 'PCS', '316L', '', '', 'E02'),
(1167, '配件', '316L盲板/闷板', '', 'φ63', 'PCS', '316L', '', '', 'E02'),
(1168, '配件', '黄铜长头消音器', '', '1分（G1/8)', 'PCS', '黄铜', '', '', 'G04A'),
(1169, '配件', '黄铜长头消音器', '', '2分（G1/4)', 'PCS', '黄铜', '', '', 'G04A'),
(1170, '配件', '316L卡箍接头/平接', '', 'φ102', 'PCS', '316L', '', '', 'E03'),
(1171, '配件', '316L卡箍接头/平接', '', 'φ108', 'PCS', '316L', '', '', 'E03'),
(1172, '配件', '316L卡箍接头/平接', '', 'φ76', 'PCS', '316L', '', '', 'E03'),
(1173, '配件', '316L卡箍接头/平接', '', 'φ63', 'PCS', '316L', '', '', 'E03'),
(1174, '配件', '316L卡箍接头/平接', '', 'φ51', 'PCS', '316L', '', '', 'E03'),
(1175, '配件', '316L卡箍接头/平接', '', 'φ38', 'PCS', '316L', '', '', 'E03'),
(1176, '配件', '316L卡箍', '', 'φ38', 'PCS', '316L', '', '', 'E03'),
(1177, '配件', '316L_90°弯头', '', 'φ76', 'PCS', '316L', '', '', 'E04'),
(1178, '配件', '316L_90°弯头', '', 'φ133', 'PCS', '316L', '', '', 'E04'),
(1179, '配件', '316L_90°弯头', '', 'φ63', 'PCS', '316L', '', '', 'E04'),
(1180, '配件', '316L_90°弯头', '', 'φ51', 'PCS', '316L', '', '', 'E04'),
(1181, '配件', '316L_90°弯头', '', 'φ25', 'PCS', '316L', '', '', 'E04'),
(1182, '配件', '316L直角三通', '', 'φ51', 'PCS', '316L', '', '', 'E04'),
(1183, '配件', '316L直角三通', '', 'φ76', 'PCS', '316L', '', '', 'E04'),
(1184, '配件', '316L大小头', '', 'φ159-63', 'PCS', '316L', '', '', 'E05'),
(1185, '配件', '316L大小头', '', 'φ102-51', 'PCS', '316L', '', '', 'E05'),
(1186, '配件', '无缝钢管', '', 'φ8*600*1', 'PCS', '304', '', '', 'E05'),
(1187, '配件', '无缝钢管', '', 'φ16*450*1', 'PCS', '304', '', '', 'F06'),
(1188, '配件', '无缝钢管', '', 'φ16*600*1', 'PCS', '304', '', '', 'F06'),
(1189, '配件', '大小头', '', 'φ159-63', 'PCS', '304', '', '', 'F06'),
(1190, '配件', '304平底封头', '', 'φ108', 'PCS', '304', '', '', 'C05'),
(1191, '配件', '无缝钢管', '', 'φ14*2000*1', 'PCS', '304', '', '', 'F04'),
(1192, '配件', '无缝钢管', '', 'φ16*1500*1', 'PCS', '304', '', '', 'F04'),
(1193, '配件', '316L_90°弯头', '', 'φ108', 'PCS', '316L', '', '', 'E01'),
(1194, '配件', '316L_45°弯头', '', 'φ108', 'PCS', '316L', '', '', 'E01'),
(1195, '配件', '304金属底脚', '', 'φ16*100mm', 'PCS', '304', '', '', ''),
(1196, '配件', '橡胶减震垫', '', '160*160*20', 'PCS', '橡胶', '黑色', '', ''),
(1197, '配件', '304_喉箍', '', 'φ8-12', 'PCS', '304不锈钢', '', '', ''),
(1198, '配件', '304_喉箍', '', 'φ13-19', 'PCS', '304不锈钢', '', '', ''),
(1199, '配件', '304_喉箍', '', 'φ19-29', 'PCS', '304不锈钢', '', '', ''),
(1200, '配件', '304_喉箍', '', 'φ21-38', 'PCS', '304不锈钢', '', '', ''),
(1201, '配件', '304_喉箍', '', 'φ33-57', 'PCS', '304不锈钢', '', '', ''),
(1202, '配件', '304_喉箍', '', 'φ51-70', 'PCS', '304不锈钢', '', '', ''),
(1203, '配件', '304_喉箍', '', 'φ72-95', 'PCS', '304不锈钢', '', '', ''),
(1204, '配件', '304_喉箍', '', 'φ91-114', 'PCS', '304不锈钢', '', '', ''),
(1205, '配件', '304_喉箍', '', 'φ118-140', 'PCS', '304不锈钢', '', '', ''),
(1206, '配件', '304_喉箍', '', 'φ130-150', 'PCS', '304不锈钢', '', '', ''),
(1207, '配件', '304_喉箍', '', 'φ150-170', 'PCS', '304不锈钢', '', '', ''),
(1208, '配件', '304_喉箍', '', 'φ300-330', 'PCS', '304不锈钢', '', '', ''),
(1209, '配件', '304_气动接头-白色', '', 'PC4-02', 'PCS', '304不锈钢', '', '', ''),
(1210, '配件', '黄铜_气动接头-蓝色', '', 'PC4-02', 'PCS', '黄铜', '', '', ''),
(1211, '配件', '304_气动接头-黑色', '', 'PC4-02', 'PCS', '304不锈钢', '', '', ''),
(1212, '配件', '黄铜_气动接头-蓝色', '', 'PC4-M5', 'PCS', '黄铜', '', '', ''),
(1213, '配件', '黄铜_隔板气动接头-蓝色', '', 'PM4', 'PCS', '黄铜', '', '', ''),
(1214, '配件', '黄铜_气动接头-蓝色', '', 'PC6-02', 'PCS', '黄铜', '', '', ''),
(1215, '配件', '304_气动接头-白色', '', 'PC6-02', 'PCS', '304不锈钢', '', '', ''),
(1216, '配件', '黄铜_气动直角三通-蓝色', '', 'PE6', 'PCS', '黄铜', '', '', ''),
(1217, '配件', '304_气动直角三通-白色', '', 'PE6', 'PCS', '304不锈钢', '', '', ''),
(1218, '配件', '黄铜_气动直角弯头-蓝色', '', 'PL6-02', 'PCS', '黄铜', '', '', ''),
(1219, '配件', '304_气动直角弯头-白色', '', 'PL6-02', 'PCS', '304不锈钢', '', '', ''),
(1220, '配件', '304_隔板气动接头-白色', '', 'PM6', 'PCS', '304不锈钢', '', '', ''),
(1221, '配件', '黄铜_隔板气动接头-蓝色', '', 'PM6', 'PCS', '黄铜', '', '', ''),
(1222, '配件', '黄铜_气动单向节流阀-蓝色', '', 'SL6-01', 'PCS', '黄铜', '', '', ''),
(1223, '配件', '304_气动单向节流阀-白色', '', 'SL6-01', 'PCS', '304不锈钢', '', '', ''),
(1224, '配件', '黄铜_气动接头-蓝色', '', 'PC8-01', 'PCS', '黄铜', '', '', ''),
(1225, '配件', '黄铜_气动接头-蓝色', '', 'PC8-02', 'PCS', '黄铜', '', '', ''),
(1226, '配件', '304_气动接头-白色', '', 'PC8-02', 'PCS', '304不锈钢', '', '', ''),
(1227, '配件', '304_气动接头-黑色', '', 'PC8-02', 'PCS', '304不锈钢', '', '', ''),
(1228, '配件', '304_气动接头-白色', '', 'PC8-03', 'PCS', '304不锈钢', '', '', ''),
(1229, '配件', '黄铜_内牙气动接头-蓝色', '', 'PCF8-02', 'PCS', '黄铜', '', '', ''),
(1230, '配件', '黄铜_气动直角接头-蓝色', '', 'PL8-02', 'PCS', '黄铜', '', '', ''),
(1231, '配件', '黄铜_气动接头-蓝色', '', 'PC10-01', 'PCS', '黄铜', '', '', ''),
(1232, '配件', '黄铜_气动接头-蓝色', '', 'PC10-02', 'PCS', '黄铜', '', '', ''),
(1233, '配件', '304_内牙气动接头-白色', '', 'PC10-02', 'PCS', '304不锈钢', '', '', ''),
(1234, '配件', '黄铜_内牙气动接头-蓝色', '', 'PCF10-02', 'PCS', '黄铜', '', '', ''),
(1235, '配件', '黄铜_气动直角三通-蓝色', '', 'PE10', 'PCS', '黄铜', '', '', ''),
(1236, '配件', '黄铜_内牙气动接头-蓝色', '', 'PCF12-02', 'PCS', '黄铜', '', '', ''),
(1237, '配件', '黄铜_内牙气动接头-蓝色', '', 'PCF12-03', 'PCS', '黄铜', '', '', ''),
(1238, '配件', '黄铜_气动直角三通-蓝色', '', 'PE12', 'PCS', '黄铜', '', '', ''),
(1239, '配件', '304_气动直角接头-白色', '', 'PL12-02', 'PCS', '304不锈钢', '', '', ''),
(1240, '配件', '304_气动直角接头-黑色', '', 'PL12-02', 'PCS', '304不锈钢', '', '', ''),
(1241, '配件', '黄铜_气动直角接头-蓝色', '', 'PL12-02', 'PCS', '黄铜', '', '', ''),
(1242, '配件', '304_气动直角接头-白色', '', 'PL8-02', 'PCS', '304不锈钢', '', '', ''),
(1243, '配件', '304_隔板气动接头-白色', '', 'PM12', 'PCS', '304不锈钢', '', '', ''),
(1244, '配件', '黄铜_隔板气动接头-蓝色', '', 'PM12', 'PCS', '黄铜', '', '', ''),
(1245, '配件', '304_单头内丝直接', '', '2寸', 'PCS', '304不锈钢', '', '', ''),
(1246, '配件', '304_单头内丝直接', '', '1.5寸', 'PCS', '304不锈钢', '', '', ''),
(1247, '配件', '304_单头内丝直接', '', '1.2寸', 'PCS', '304不锈钢', '', '', ''),
(1248, '配件', '304_单头内丝直接', '', '1寸', 'PCS', '304不锈钢', '', '', ''),
(1249, '配件', '304_单头内丝直接', '', '6分', 'PCS', '304不锈钢', '', '', ''),
(1250, '配件', '304_单头内丝直接', '', '4分', 'PCS', '304不锈钢', '', '', ''),
(1251, '配件', '304_单头内丝直接', '', '2分', 'PCS', '304不锈钢', '', '', ''),
(1252, '配件', '304_单头内丝直接', '', '1分', 'PCS', '304不锈钢', '', '', ''),
(1253, '配件', '304_单头内丝直接', '', 'M20*1.5', 'PCS', '304不锈钢', '', '', ''),
(1254, '配件', '304_单头外丝直接', '', '2寸', 'PCS', '304不锈钢', '', '', ''),
(1255, '配件', '304_单头外丝直接', '', '1.5寸', 'PCS', '304不锈钢', '', '', ''),
(1256, '配件', '304_单头外丝直接', '', '1.2寸', 'PCS', '304不锈钢', '', '', ''),
(1257, '配件', '304_单头外丝直接', '', '1寸', 'PCS', '304不锈钢', '', '', ''),
(1258, '配件', '304_单头外丝直接', '', '6分', 'PCS', '304不锈钢', '', '', ''),
(1259, '配件', '304_单头外丝直接', '', '4分', 'PCS', '304不锈钢', '', '', ''),
(1260, '配件', '304_单头外丝直接', '', '2分', 'PCS', '304不锈钢', '', '', ''),
(1261, '配件', '304_单头外丝直接', '', '1分', 'PCS', '304不锈钢', '', '', ''),
(1262, '配件', '304_快装皮管接头', '', 'φ38', 'PCS', '304不锈钢', '', '', ''),
(1263, '配件', '304_快装皮管接头', '', 'φ24', 'PCS', '304不锈钢', '', '', ''),
(1264, '配件', '304_快装皮管接头', '', 'φ8', 'PCS', '304不锈钢', '', '', ''),
(1265, '配件', '304_快装皮管接头', '', 'φ51', 'PCS', '304不锈钢', '', '', ''),
(1266, '配件', '304_快装皮管接头', '', 'φ45', 'PCS', '304不锈钢', '', '', ''),
(1267, '配件', '304_快装皮管接头', '', 'φ12', 'PCS', '304不锈钢', '', '', ''),
(1268, '配件', '304_快装皮管接头', '', 'φ16', 'PCS', '304不锈钢', '', '', ''),
(1269, '配件', '304_快装皮管接头', '', 'φ24', 'PCS', '304不锈钢', '', '', ''),
(1270, '配件', '304_快装皮管接头', '', 'φ28', 'PCS', '304不锈钢', '', '', ''),
(1271, '配件', '304_双头外丝直接', '', '6分', 'PCS', '304不锈钢', '', '', ''),
(1272, '配件', '316L_快装皮管接头', '', 'φ32', 'PCS', '316L不锈钢', '', '', ''),
(1273, '配件', '垫片', '', 'M4', 'PCS', '304不锈钢', '', '', ''),
(1274, '配件', '弹垫', '', 'M4', 'PCS', '304不锈钢', '', '', ''),
(1275, '配件', '螺母', '', 'M4', 'PCS', '304不锈钢', '', '', ''),
(1276, '配件', '内六角螺丝', '', 'M5*8', 'PCS', '304不锈钢', '', '', ''),
(1277, '配件', '外六角螺丝', '', 'M5*8', 'PCS', '304不锈钢', '', '', ''),
(1278, '配件', '内六角螺丝', '', 'M5*30', 'PCS', '304不锈钢', '', '', ''),
(1279, '配件', '内六角螺丝', '', 'M5*12', 'PCS', '304不锈钢', '', '', ''),
(1280, '配件', '垫片', '', 'M5', 'PCS', '304不锈钢', '', '', ''),
(1281, '配件', '弹垫', '', 'M5', 'PCS', '304不锈钢', '', '', ''),
(1282, '配件', '螺母', '', 'M5', 'PCS', '304不锈钢', '', '', ''),
(1283, '配件', '内六角螺丝', '', 'M6*90', 'PCS', '304不锈钢', '', '', ''),
(1284, '配件', '内六角螺丝', '', 'M6*8', 'PCS', '304不锈钢', '', '', ''),
(1285, '配件', '外六角螺丝', '', 'M6*30', 'PCS', '304不锈钢', '', '', ''),
(1286, '配件', '内六角螺丝', '', 'M6*25', 'PCS', '304不锈钢', '', '', ''),
(1287, '配件', '内六角螺丝', '', 'M6*16', 'PCS', '304不锈钢', '', '', ''),
(1288, '配件', '内六角螺丝', '', 'M6*10', 'PCS', '304不锈钢', '', '', ''),
(1289, '配件', '垫片', '', 'M6', 'PCS', '304不锈钢', '', '', ''),
(1290, '配件', '弹垫', '', 'M6', 'PCS', '304不锈钢', '', '', ''),
(1291, '配件', '螺母', '', 'M6', 'PCS', '304不锈钢', '', '', ''),
(1292, '配件', '外六角螺丝', '', 'M8*40', 'PCS', '304不锈钢', '', '', ''),
(1293, '配件', '外六角螺丝', '', 'M8*35', 'PCS', '304不锈钢', '', '', ''),
(1294, '配件', '外六角螺丝', '', 'M8*30', 'PCS', '304不锈钢', '', '', ''),
(1295, '配件', '外六角螺丝', '', 'M8*25', 'PCS', '304不锈钢', '', '', ''),
(1296, '配件', '外六角螺丝', '', 'M8*15', 'PCS', '304不锈钢', '', '', ''),
(1297, '配件', '垫片', '', 'M8', 'PCS', '304不锈钢', '', '', ''),
(1298, '配件', '弹垫', '', 'M8', 'PCS', '304不锈钢', '', '', ''),
(1299, '配件', '螺母', '', 'M8', 'PCS', '304不锈钢', '', '', ''),
(1300, '配件', '外六角螺丝', '', 'M10*40', 'PCS', '304不锈钢', '', '', ''),
(1301, '配件', '外六角螺丝', '', 'M10*35', 'PCS', '304不锈钢', '', '', ''),
(1302, '配件', '外六角螺丝', '', 'M10*30', 'PCS', '304不锈钢', '', '', ''),
(1303, '配件', '外六角螺丝', '', 'M10*25', 'PCS', '304不锈钢', '', '', ''),
(1304, '配件', '垫片', '', 'M10', 'PCS', '304不锈钢', '', '', ''),
(1305, '配件', '弹垫', '', 'M10', 'PCS', '304不锈钢', '', '', ''),
(1306, '配件', '螺母', '', 'M10', 'PCS', '304不锈钢', '', '', ''),
(1307, '配件', '外六角螺丝', '', 'M12*70', 'PCS', '304不锈钢', '', '', ''),
(1308, '配件', '外六角螺丝', '', 'M12*50', 'PCS', '304不锈钢', '', '', ''),
(1309, '配件', '外六角螺丝', '', 'M12*40', 'PCS', '304不锈钢', '', '', ''),
(1310, '配件', '外六角螺丝', '', 'M12*35', 'PCS', '304不锈钢', '', '', ''),
(1311, '配件', '内六角螺丝', '', 'M12*30', 'PCS', '304不锈钢', '', '', ''),
(1312, '配件', '垫片', '', 'M12', 'PCS', '304不锈钢', '', '', ''),
(1313, '配件', '弹垫', '', 'M12', 'PCS', '304不锈钢', '', '', ''),
(1314, '配件', '螺母', '', 'M12', 'PCS', '304不锈钢', '', '', ''),
(1315, '配件', '外六角螺丝', '', 'M14*55', 'PCS', '304不锈钢', '', '', ''),
(1316, '配件', '垫片', '', 'M14', 'PCS', '304不锈钢', '', '', ''),
(1317, '配件', '弹垫', '', 'M14', 'PCS', '304不锈钢', '', '', ''),
(1318, '配件', '螺母', '', 'M14', 'PCS', '304不锈钢', '', '', ''),
(1319, '配件', '外六角螺丝', '', 'M16*65', 'PCS', '304不锈钢', '', '', ''),
(1320, '配件', '垫片', '', 'M16', 'PCS', '304不锈钢', '', '', ''),
(1321, '配件', '弹垫', '', 'M16', 'PCS', '304不锈钢', '', '', ''),
(1322, '配件', '螺母', '', 'M16', 'PCS', '304不锈钢', '', '', ''),
(1323, '配件', '外六角螺丝', '', 'M18*70', 'PCS', '304不锈钢', '', '', ''),
(1324, '配件', '垫片', '', 'M18', 'PCS', '304不锈钢', '', '', ''),
(1325, '配件', '弹垫', '', 'M18', 'PCS', '304不锈钢', '', '', ''),
(1326, '配件', '螺母', '', 'M18', 'PCS', '304不锈钢', '', '', ''),
(1327, '配件', '304_单头卡套', '', '1分', 'PCS', '304不锈钢', '', '', ''),
(1328, '配件', '陶瓷管-粉', '', 'M6*45', 'PCS', '陶瓷', '', '', ''),
(1329, '配件', '陶瓷管-白', '', 'M8*45', 'PCS', '陶瓷', '', '', ''),
(1330, '配件', '黄铜_外牙内六角堵头', '', '2分/φ13*8', 'PCS', '黄铜', '', '', ''),
(1331, '配件', '304_外牙内六角堵头', '', '2分/φ13*8', 'PCS', '304不锈钢', '', '', ''),
(1332, '配件', '黄铜_平头消音器', '', '2分_1/4', 'PCS', '黄铜', '', '', ''),
(1333, '配件', '316L_螺旋喷头', '', '2分', 'PCS', '316L不锈钢', '', '', ''),
(1334, '配件', '电磁阀汇流板', '', '3V210-4F', 'PCS', '铜', '', '', ''),
(1335, '配件', '电磁阀汇流板', '', '3V200M-3F', 'PCS', '铜', '', '', ''),
(1336, '配件', '电磁阀汇流板', '', '200M-4F', 'PCS', '铜', '', '', ''),
(1337, '配件', '电磁阀汇流板', '', '3V200M-5F', 'PCS', '铜', '', '', ''),
(1338, '配件', '不锈钢托架', '', 'φ16', 'PCS', '', '', '', ''),
(1339, '配件', '不锈钢托架', '', 'φ19-22', 'PCS', '', '', '', ''),
(1340, '配件', '不锈钢托架', '', 'φ25-28', 'PCS', '', '', '', ''),
(1341, '配件', '不锈钢托架', '', 'φ32-34', 'PCS', '', '', '', ''),
(1342, '配件', '不锈钢托架', '', 'φ38-40', 'PCS', '', '', '', ''),
(1343, '配件', '不锈钢托架', '', 'φ45', 'PCS', '', '', '', ''),
(1344, '配件', '不锈钢托架', '', 'φ51-53', 'PCS', '', '', '', ''),
(1345, '配件', '不锈钢托架', '', 'φ63', 'PCS', '', '', '', ''),
(1346, '配件', '不锈钢托架', '', 'φ76', 'PCS', '', '', '', ''),
(1347, '配件', '不锈钢托架', '', 'φ89', 'PCS', '', '', '', ''),
(1348, '配件', '不锈钢托架', '', 'φ102-108', 'PCS', '', '', '', ''),
(1349, '配件', '焊接螺丝', '', 'M4*10', 'PCS', '', '', '', ''),
(1350, '配件', '焊接螺丝', '', 'M4*40', 'PCS', '', '', '', ''),
(1351, '配件', '焊接螺丝', '', 'M6*20', 'PCS', '', '', '', ''),
(1352, '配件', '焊接螺丝', '', 'M6*30', 'PCS', '', '', '', ''),
(1353, '配件', '焊接螺丝', '', 'M8*20', 'PCS', '', '', '', ''),
(1354, '配件', '焊接螺丝', '', 'M8*30', 'PCS', '', '', '', ''),
(1355, '配件', '焊接螺丝', '', 'M8*40', 'PCS', '', '', '', ''),
(1356, '配件', '焊接螺丝', '', 'M10*30', 'PCS', '', '', '', ''),
(1357, '配件', '盖形螺母', '', 'M4', 'PCS', '', '', '', ''),
(1358, '配件', '盖形螺母', '', 'M6', 'PCS', '', '', '', ''),
(1359, '配件', '盖形螺母', '', 'M8', 'PCS', '', '', '', ''),
(1360, '配件', '盖形螺母', '', 'M10', 'PCS', '', '', '', ''),
(1361, '配件', '盖形螺母', '', 'M12', 'PCS', '', '', '', ''),
(1362, '配件', '盖形螺母', '', 'M14', 'PCS', '', '', '', ''),
(1363, '配件', '盖形螺母', '', 'M16', 'PCS', '', '', '', ''),
(1364, '配件', '铝接头', '', 'φ8-6', 'PCS', '', '', '', ''),
(1365, '配件', '铝接头', '', 'φ10-8', 'PCS', '', '', '', ''),
(1366, '配件', '铝接头', '', 'φ16-8', 'PCS', '', '', '', ''),
(1367, '配件', '异形螺母', '', 'SP1893PK', 'PCS', '', '', '', ''),
(1368, '配件', '拉丝杆', '', '20*1.5', 'PCS', '', '', '', ''),
(1369, '配件', '黄铜_气动接头-蓝色', '', 'PC6-01', 'PCS', '', '', '', ''),
(1370, '配件', '304_气动接头-白色', '', 'PC6-01', 'PCS', '', '', '', ''),
(1371, '配件', '黄铜_内牙气动接头-蓝色', '', 'PCF6-01', 'PCS', '', '', '', ''),
(1372, '配件', '304_内牙气动接头-白色', '', 'PCF6-01', 'PCS', '', '', '', ''),
(1373, '配件', '304_隔板气动接头-白色', '', 'PM4', 'PCS', '', '', '', ''),
(1374, '配件', '黄铜_内牙气动接头-蓝色', '', 'PCF6-02', 'PCS', '', '', '', ''),
(1375, '配件', '黄铜_气动直角接头-蓝色', '', 'PL8-01', 'PCS', '', '', '', ''),
(1376, '配件', '304_气动直通接头_白色', '', 'PU8', 'PCS', '', '', '', ''),
(1377, '配件', '导轨式接线端子固定件', '', 'UK6N', '盒', '尼龙', '', '盒/50PCS', ''),
(1378, '配件', '导轨式接线端子固定件', '', 'UK2.5B', '盒', '尼龙', '', '盒/100PCS', ''),
(1379, '配件', '导轨式接线端子固定件', '', 'USLKG5', '盒', '尼龙', '', '盒/100PCS', ''),
(1380, '配件', '导轨式接线端子固定件', '', 'E-UK', '', '', '', '', ''),
(1381, '配件', '导轨式接线端子固定件-黄绿', '', 'UK-5N', '', '', '', '盒/100PCS', ''),
(1382, '配件', '导轨式接线端子固定件-黄绿', '', 'UK2.5B', '', '', '', '', ''),
(1383, '配件', '防爆管——黑色软管', '', '外丝φ32*1200', '根', '', '黑色', '', ''),
(1384, '配件', '零排/地排', '', '2*15-7', '', '铜', '', '', ''),
(1385, '配件', '不锈钢把手', '', '大', '', '', '', '', ''),
(1386, '配件', '不锈钢把手', '', '小', '', '', '', '', ''),
(1387, '配件', '316L_椭圆封头', '', 'φ219*2', 'PCS', '316L不锈钢', '', '', ''),
(1388, '配件', '304_十字螺丝', '', 'M4*15', 'PCS', '304', '', '', ''),
(1389, '配件', '304_球阀', '', 'φ25', '', '', '', '', ''),
(1390, '配件', '钢丝软管', '', 'φ51', '米', '橡胶', '本色', '', '');

/*!40101 SET CHARACTER_SET_CLIENT=@OLD_CHARACTER_SET_CLIENT */;
/*!40101 SET CHARACTER_SET_RESULTS=@OLD_CHARACTER_SET_RESULTS */;
/*!40101 SET COLLATION_CONNECTION=@OLD_COLLATION_CONNECTION */;
